0.000000,-0.025068,0.000000,-0.085614,-0.000000,-0.142517
0.000000,-0.025008,0.000000,-0.089085,-0.000000,0.376282
0.000000,-0.026958,0.000000,-0.080896,-0.000000,-0.752869
0.000000,-0.027628,0.000000,-0.082431,-0.000000,-1.271667
0.000000,-0.033976,0.000000,-0.074348,-0.000000,2.451477
0.000000,-0.018993,0.000000,-0.089362,-0.000000,0.071106
0.000000,-0.006251,0.000000,-0.122986,-0.000000,8.738098
0.000000,-0.006087,0.000000,-0.100223,-0.000000,-9.053650
0.000000,-0.058052,0.000000,-0.189253,-0.000000,-43.324890
0.000000,-0.077868,0.000000,-0.312559,-0.000000,-24.861755
0.000000,-0.026432,0.000000,-0.258033,-0.000000,-28.401794
0.000000,0.087669,0.000000,-0.212899,-0.000000,-32.582703
0.000000,0.165873,0.000000,-0.184103,-0.000000,-22.176208
0.000000,0.175766,0.000000,-0.147586,-0.000000,-28.432312
0.000000,0.140846,0.000000,-0.179809,-0.000000,-13.387146
0.000000,0.090567,0.000000,-0.109728,-0.000000,3.855286
0.000000,0.025149,0.000000,-0.037346,-0.000000,23.417053
0.000000,-0.041229,0.000000,-0.065216,-0.000000,30.161438
0.000000,-0.127404,0.000000,-0.113641,-0.000000,34.037170
0.000000,-0.233891,0.000000,-0.097408,-0.000000,32.206116
0.000000,-0.383899,0.000000,-0.255885,-0.000000,29.978333
0.000000,-0.550598,0.000000,-0.372953,-0.000000,28.666077
0.000000,-0.788184,0.000000,-0.347458,-0.000000,28.299866
0.000000,-0.981776,0.000000,-0.406242,-0.000000,19.754944
0.000000,-1.173093,0.000000,-0.454858,-0.000000,29.093323
0.000000,-1.400508,0.000000,-0.460044,-0.000000,21.189270
0.000000,-1.499995,0.000000,-0.574210,-0.000000,9.928284
0.000000,-1.544598,0.000000,-0.678368,-0.000000,24.118958
0.000000,-1.582415,0.000000,-0.665671,-0.000000,19.724426
0.000000,-1.528713,0.000000,-0.713540,-0.000000,14.353333
0.000000,-1.385911,0.000000,-0.740932,-0.000000,15.268860
0.000000,-1.191788,0.000000,-0.778752,-0.000000,12.247620
0.000000,-0.976712,0.000000,-0.907219,-0.000000,6.754456
0.000000,-0.658194,0.000000,-1.008658,-0.000000,7.547913
0.000000,-0.350110,0.000000,-1.178272,-0.000000,3.031311
0.000000,0.010771,0.000000,-1.377505,-0.000000,5.625305
0.000000,0.408428,0.000000,-1.479412,-0.000000,15.909729
0.000000,0.713223,0.000000,-1.601014,-0.000000,7.242737
0.000000,1.023799,0.000000,-1.771981,-0.000000,5.198059
0.000000,1.359230,0.000000,-1.940482,-0.000000,14.933167
0.000000,1.585693,0.000000,-2.091383,-0.000000,2.176819
0.000000,1.820697,0.000000,-2.202205,-0.000000,-2.034607
0.000000,1.972479,0.000000,-2.338407,-0.000000,5.930481
0.000000,2.068761,0.000000,-2.434148,-0.000000,-7.161560
0.000000,2.095398,0.000000,-2.576494,-0.000000,1.139221
0.000000,2.057886,0.000000,-2.633792,-0.000000,-1.271667
0.000000,2.018777,0.000000,-2.681108,-0.000000,-7.405701
0.000000,1.955249,0.000000,-2.704869,-0.000000,0.681458
0.000000,1.822670,0.000000,-2.644672,-0.000000,-3.133240
0.000000,1.673370,0.000000,-2.569131,-0.000000,-11.403503
0.000000,1.604925,0.000000,-2.534846,-0.000000,-10.671082
0.000000,1.477271,0.000000,-2.488169,-0.000000,-2.644958
0.000000,1.342817,0.000000,-2.377223,-0.000000,-18.544617
0.000000,1.304517,0.000000,-2.331019,-0.000000,-9.541931
0.000000,1.176589,0.000000,-2.231290,-0.000000,-13.539734
0.000000,1.126616,0.000000,-2.147551,-0.000000,-18.636169
0.000000,1.142726,0.000000,-2.084314,-0.000000,-16.988220
0.000000,1.171142,0.000000,-2.005304,-0.000000,-19.124451
0.000000,1.203710,0.000000,-1.954974,-0.000000,-20.284119
0.000000,1.316465,0.000000,-1.937209,-0.000000,-19.277039
0.000000,1.422518,0.000000,-1.925158,-0.000000,-17.690125
0.000000,1.503843,0.000000,-1.916578,-0.000000,-19.093933
0.000000,1.603683,0.000000,-1.945276,-0.000000,-21.962585
0.000000,1.745592,0.000000,-1.975824,-0.000000,-26.082458
0.000000,1.890367,0.000000,-2.046357,-0.000000,-21.077576
0.000000,1.994803,0.000000,-2.157282,-0.000000,-21.443787
0.000000,2.104105,0.000000,-2.242593,-0.000000,-31.484070
0.000000,2.248822,0.000000,-2.382633,-0.000000,-30.446472
0.000000,2.354005,0.000000,-2.537409,-0.000000,-24.648132
0.000000,2.403591,0.000000,-2.703284,-0.000000,-30.019226
0.000000,2.442911,0.000000,-2.832209,-0.000000,-29.927673
0.000000,2.463655,0.000000,-2.991351,-0.000000,-21.779480
0.000000,2.417137,0.000000,-3.104482,-0.000000,-33.070984
0.000000,2.369629,0.000000,-3.220704,-0.000000,-22.115173
0.000000,2.312090,0.000000,-3.263545,-0.000000,-29.958191
0.000000,2.233096,0.000000,-3.263750,-0.000000,-25.746765
0.000000,2.124604,0.000000,-3.249561,-0.000000,-26.692810
0.000000,2.030091,0.000000,-3.173071,-0.000000,-32.857361
0.000000,1.894153,0.000000,-3.135622,-0.000000,-25.136414
0.000000,1.779574,0.000000,-2.960400,-0.000000,-33.132019
0.000000,1.648576,0.000000,-2.869591,-0.000000,-22.115173
0.000000,1.486558,0.000000,-2.688587,-0.000000,-31.362000
0.000000,1.431056,0.000000,-2.517153,-0.000000,-27.608337
0.000000,1.394021,0.000000,-2.387917,-0.000000,-29.195251
0.000000,1.319943,0.000000,-2.261155,-0.000000,-37.068787
0.000000,1.274889,0.000000,-2.082167,-0.000000,-38.625183
0.000000,1.271295,0.000000,-2.041939,-0.000000,-35.787048
0.000000,1.226166,0.000000,-1.921483,-0.000000,-41.127625
0.000000,1.260911,0.000000,-1.856187,-0.000000,-46.254578
0.000000,1.331439,0.000000,-1.933483,-0.000000,-33.132019
0.000000,1.342081,0.000000,-1.916112,-0.000000,-45.003357
0.000000,1.407751,0.000000,-1.986117,-0.000000,-40.273132
0.000000,1.484450,0.000000,-2.186654,-0.000000,-32.918396
0.000000,1.519259,0.000000,-2.224926,-0.000000,-49.336853
0.000000,1.610383,0.000000,-2.369456,-0.000000,-32.887878
0.000000,1.667249,0.000000,-2.540226,-0.000000,-39.449158
0.000000,1.726451,0.000000,-2.629169,-0.000000,-41.341248
0.000000,1.739920,0.000000,-2.715001,-0.000000,-33.681335
0.000000,1.725292,0.000000,-2.836688,-0.000000,-43.782654
0.000000,1.674722,0.000000,-2.877007,-0.000000,-31.972351
0.000000,1.607968,0.000000,-2.931962,-0.000000,-36.519470
0.000000,1.510920,0.000000,-2.903726,-0.000000,-38.136902
0.000000,1.425630,0.000000,-2.843602,-0.000000,-29.378357
0.000000,1.312341,0.000000,-2.750594,-0.000000,-36.519470
0.000000,1.227982,0.000000,-2.701473,-0.000000,-30.324402
0.000000,1.089641,0.000000,-2.512748,-0.000000,-36.397400
0.000000,0.959390,0.000000,-2.416974,-0.000000,-38.381042
0.000000,0.861904,0.000000,-2.287424,-0.000000,-32.308044
0.000000,0.755283,0.000000,-2.131726,-0.000000,-42.165222
0.000000,0.641699,0.000000,-2.040964,-0.000000,-41.097107
0.000000,0.557236,0.000000,-1.953506,-0.000000,-43.813171
0.000000,0.483257,0.000000,-1.894091,-0.000000,-40.822449
0.000000,0.452002,0.000000,-1.881987,-0.000000,-36.275330
0.000000,0.457132,0.000000,-1.834771,-0.000000,-45.888367
0.000000,0.455770,0.000000,-1.898160,-0.000000,-43.599548
0.000000,0.446154,0.000000,-1.951058,-0.000000,-37.343445
0.000000,0.502696,0.000000,-1.974414,-0.000000,-43.111267
0.000000,0.511486,0.000000,-2.081718,-0.000000,-42.043152
0.000000,0.543192,0.000000,-2.146528,-0.000000,-44.789734
0.000000,0.737964,0.000000,-2.293511,-0.000000,-41.951599
0.000000,0.787283,0.000000,-2.444044,-0.000000,-38.655701
0.000000,0.841105,0.000000,-2.449980,-0.000000,-41.097107
0.000000,0.918945,0.000000,-2.562498,-0.000000,-41.432800
0.000000,0.986681,0.000000,-2.571898,-0.000000,-33.467712
0.000000,1.051490,0.000000,-2.539993,-0.000000,-38.411560
0.000000,1.072401,0.000000,-2.528888,-0.000000,-37.251892
0.000000,1.077468,0.000000,-2.502642,-0.000000,-31.789246
0.000000,1.044384,0.000000,-2.338463,-0.000000,-41.432800
0.000000,1.009209,0.000000,-2.289567,-0.000000,-35.848083
0.000000,0.923421,0.000000,-2.159743,-0.000000,-36.611023
0.000000,0.850117,0.000000,-1.980853,-0.000000,-42.256775
0.000000,0.758948,0.000000,-1.837101,-0.000000,-36.214294
0.000000,0.683653,0.000000,-1.658215,-0.000000,-41.005554
0.000000,0.578776,0.000000,-1.507913,-0.000000,-35.359802
0.000000,0.489381,0.000000,-1.357219,-0.000000,-33.681335
0.000000,0.415968,0.000000,-1.267656,-0.000000,-36.824646
0.000000,0.311127,0.000000,-1.172019,-0.000000,-28.981628
0.000000,0.246791,0.000000,-1.080538,-0.000000,-43.752136
0.000000,0.215931,0.000000,-1.111810,-0.000000,-32.521667
0.000000,0.172765,0.000000,-1.105988,-0.000000,-38.350525
0.000000,0.188680,0.000000,-1.174564,-0.000000,-42.317810
0.000000,0.219547,0.000000,-1.288737,-0.000000,-38.075867
0.000000,0.295686,0.000000,-1.355707,-0.000000,-49.092712
0.000000,0.398371,0.000000,-1.543875,-0.000000,-33.620300
0.000000,0.415940,0.000000,-1.629606,-0.000000,-41.829529
0.000000,0.485292,0.000000,-1.720230,-0.000000,-35.909119
0.000000,0.598321,0.000000,-1.975024,-0.000000,-30.507507
0.000000,0.617813,0.000000,-2.052157,-0.000000,-40.914001
0.000000,0.688067,0.000000,-2.134893,-0.000000,-31.758728
0.000000,0.724699,0.000000,-2.209604,-0.000000,-36.092224
0.000000,0.768629,0.000000,-2.199993,-0.000000,-31.545105
0.000000,0.767325,0.000000,-2.180730,-0.000000,-34.871521
0.000000,0.754191,0.000000,-2.197714,-0.000000,-35.970154
0.000000,0.722344,0.000000,-2.064452,-0.000000,-28.798523
0.000000,0.622580,0.000000,-2.000976,-0.000000,-35.542908
0.000000,0.522422,0.000000,-1.907560,-0.000000,-37.465515
0.000000,0.485901,0.000000,-1.747208,-0.000000,-31.514587
0.000000,0.363447,0.000000,-1.703329,-0.000000,-36.366882
0.000000,0.255612,0.000000,-1.584186,-0.000000,-36.794128
0.000000,0.193811,0.000000,-1.467161,-0.000000,-34.779968
0.000000,0.143891,0.000000,-1.422912,-0.000000,-41.554871
0.000000,0.124681,0.000000,-1.351790,-0.000000,-34.688416
0.000000,0.042387,0.000000,-1.334246,-0.000000,-36.611023
0.000000,0.012995,0.000000,-1.335169,-0.000000,-44.393005
0.000000,0.069607,0.000000,-1.364309,-0.000000,-35.176697
0.000000,0.036933,0.000000,-1.417783,-0.000000,-38.442078
0.000000,0.054063,0.000000,-1.447422,-0.000000,-44.667664
0.000000,0.163023,0.000000,-1.514894,-0.000000,-33.803406
0.000000,0.224967,0.000000,-1.613873,-0.000000,-38.320007
0.000000,0.258074,0.000000,-1.671255,-0.000000,-39.815369
0.000000,0.391604,0.000000,-1.724777,-0.000000,-37.007751
0.000000,0.467679,0.000000,-1.858209,-0.000000,-36.000671
0.000000,0.498549,0.000000,-1.858182,-0.000000,-38.899841
0.000000,0.589008,0.000000,-1.946613,-0.000000,-35.329285
0.000000,0.585559,0.000000,-1.925672,-0.000000,-38.411560
0.000000,0.572823,0.000000,-1.885271,-0.000000,-34.291687
0.000000,0.540382,0.000000,-1.920479,-0.000000,-37.618103
0.000000,0.565909,0.000000,-1.884779,-0.000000,-36.794128
0.000000,0.563366,0.000000,-1.767926,-0.000000,-35.939636
0.000000,0.578450,0.000000,-1.666353,-0.000000,-43.446960
0.000000,0.558066,0.000000,-1.637825,-0.000000,-34.841003
0.000000,0.503522,0.000000,-1.425326,-0.000000,-40.242615
0.000000,0.506972,0.000000,-1.311657,-0.000000,-43.660583
0.000000,0.519085,0.000000,-1.240626,-0.000000,-37.923279
0.000000,0.471082,0.000000,-1.126250,-0.000000,-36.031189
0.000000,0.411492,0.000000,-1.009166,-0.000000,-45.308533
0.000000,0.407112,0.000000,-0.960540,-0.000000,-40.181580
0.000000,0.427980,0.000000,-0.872038,-0.000000,-47.048035
0.000000,0.417668,0.000000,-0.879718,-0.000000,-41.219177
0.000000,0.409084,0.000000,-0.874450,-0.000000,-38.320007
0.000000,0.410707,0.000000,-0.875163,-0.000000,-44.270935
0.000000,0.459795,0.000000,-0.903396,-0.000000,-44.759216
0.000000,0.511428,0.000000,-1.043634,-0.000000,-48.940125
0.000000,0.527293,0.000000,-1.114202,-0.000000,-43.294373
0.000000,0.564596,0.000000,-1.161237,-0.000000,-51.137390
0.000000,0.697190,0.000000,-1.289552,-0.000000,-46.010437
0.000000,0.782784,0.000000,-1.407899,-0.000000,-36.244812
0.000000,0.833843,0.000000,-1.415309,-0.000000,-58.370056
0.000000,0.939146,0.000000,-1.542917,-0.000000,-36.885681
0.000000,1.004292,0.000000,-1.565086,-0.000000,-42.134705
0.000000,1.102322,0.000000,-1.557628,-0.000000,-47.505798
0.000000,1.212095,0.000000,-1.544311,-0.000000,-45.430603
0.000000,1.305577,0.000000,-1.528763,-0.000000,-48.787537
0.000000,1.359403,0.000000,-1.443466,-0.000000,-45.216980
0.000000,1.396366,0.000000,-1.418573,-0.000000,-43.935242
0.000000,1.391269,0.000000,-1.312705,-0.000000,-44.942322
0.000000,1.401326,0.000000,-1.186264,-0.000000,-44.545593
0.000000,1.371241,0.000000,-1.049609,-0.000000,-45.888367
0.000000,1.334012,0.000000,-0.927590,-0.000000,-42.500916
0.000000,1.249625,0.000000,-0.778057,-0.000000,-49.458923
0.000000,1.201133,0.000000,-0.703729,-0.000000,-51.808777
0.000000,1.141077,0.000000,-0.608530,-0.000000,-39.876404
0.000000,1.057566,0.000000,-0.559152,-0.000000,-46.681824
0.000000,1.019373,0.000000,-0.539562,-0.000000,-52.205505
0.000000,0.958376,0.000000,-0.557092,-0.000000,-43.446960
0.000000,0.895937,0.000000,-0.567135,-0.000000,-47.963562
0.000000,0.867745,0.000000,-0.654493,-0.000000,-51.564636
0.000000,0.869977,0.000000,-0.729980,-0.000000,-54.646912
0.000000,0.861497,0.000000,-0.860359,-0.000000,-51.076355
0.000000,0.860212,0.000000,-1.010375,-0.000000,-48.787537
0.000000,0.875384,0.000000,-1.107894,-0.000000,-51.564636
0.000000,0.876334,0.000000,-1.252605,-0.000000,-44.209900
0.000000,0.833678,0.000000,-1.310904,-0.000000,-43.996277
0.000000,0.839353,0.000000,-1.370808,-0.000000,-45.125427
0.000000,0.810165,0.000000,-1.448372,-0.000000,-41.402283
0.000000,0.758709,0.000000,-1.438555,-0.000000,-43.080750
0.000000,0.704593,0.000000,-1.452881,-0.000000,-36.275330
0.000000,0.649721,0.000000,-1.494013,-0.000000,-40.761414
0.000000,0.574471,0.000000,-1.431164,-0.000000,-37.862244
0.000000,0.490857,0.000000,-1.372285,-0.000000,-42.592468
0.000000,0.442221,0.000000,-1.338035,-0.000000,-39.906921
0.000000,0.366132,0.000000,-1.232835,-0.000000,-43.935242
0.000000,0.278533,0.000000,-1.166502,-0.000000,-40.883484
0.000000,0.191772,0.000000,-1.040151,-0.000000,-41.615906
0.000000,0.155407,0.000000,-0.914824,-0.000000,-46.132507
0.000000,0.133601,0.000000,-0.872360,-0.000000,-35.878601
0.000000,0.054955,0.000000,-0.746699,-0.000000,-42.897644
0.000000,0.061852,0.000000,-0.705279,-0.000000,-40.273132
0.000000,0.035020,0.000000,-0.729982,-0.000000,-48.665466
0.000000,0.016956,0.000000,-0.757900,-0.000000,-42.745056
0.000000,0.060104,0.000000,-0.787654,-0.000000,-41.066589
0.000000,0.085128,0.000000,-0.922296,-0.000000,-47.780457
0.000000,0.110262,0.000000,-0.969117,-0.000000,-43.599548
0.000000,0.168649,0.000000,-1.057071,-0.000000,-52.419128
0.000000,0.261828,0.000000,-1.226557,-0.000000,-40.975037
0.000000,0.292208,0.000000,-1.331867,-0.000000,-43.324890
0.000000,0.336976,0.000000,-1.513506,-0.000000,-49.306335
0.000000,0.406721,0.000000,-1.696400,-0.000000,-39.449158
0.000000,0.461833,0.000000,-1.791567,-0.000000,-48.146667
0.000000,0.493292,0.000000,-1.931554,-0.000000,-42.561951
0.000000,0.526943,0.000000,-2.018859,-0.000000,-44.972839
0.000000,0.525578,0.000000,-1.989691,-0.000000,-41.768494
0.000000,0.532739,0.000000,-2.005031,-0.000000,-43.904724
0.000000,0.516835,0.000000,-1.966625,-0.000000,-44.484558
0.000000,0.469825,0.000000,-1.845336,-0.000000,-40.212097
0.000000,0.410538,0.000000,-1.733108,-0.000000,-47.475281
0.000000,0.344424,0.000000,-1.578766,-0.000000,-41.127625
0.000000,0.281973,0.000000,-1.273948,-0.000000,-47.170105
0.000000,0.221507,0.000000,-1.108246,-0.000000,-38.106384
0.000000,0.124454,0.000000,-0.802469,-0.000000,-50.649109
0.000000,0.105459,0.000000,-0.610321,-0.000000,-43.813171
0.000000,0.025837,0.000000,-0.502487,-0.000000,-49.642029
0.000000,-0.036141,0.000000,-0.368379,-0.000000,-49.672546
0.000000,-0.007876,0.000000,-0.376795,-0.000000,-51.808777
0.000000,0.015510,0.000000,-0.423799,-0.000000,-52.510681
0.000000,0.049264,0.000000,-0.462224,-0.000000,-57.607117
0.000000,0.155778,0.000000,-0.610070,-0.000000,-61.086121
0.000000,0.249506,0.000000,-0.839151,-0.000000,-57.149353
0.000000,0.359240,0.000000,-1.100895,-0.000000,-52.510681
0.000000,0.487578,0.000000,-1.363147,-0.000000,-58.980408
0.000000,0.594156,0.000000,-1.632715,-0.000000,-47.322693
0.000000,0.683738,0.000000,-1.784485,-0.000000,-50.954285
0.000000,0.773962,0.000000,-1.983354,-0.000000,-50.618591
0.000000,0.843765,0.000000,-2.142829,-0.000000,-47.261658
0.000000,0.868328,0.000000,-2.180511,-0.000000,-50.282898
0.000000,0.869619,0.000000,-2.229243,-0.000000,-43.080750
0.000000,0.862408,0.000000,-2.207212,-0.000000,-45.155945
0.000000,0.870052,0.000000,-2.043505,-0.000000,-41.127625
0.000000,0.838919,0.000000,-1.879154,-0.000000,-38.258972
0.000000,0.784636,0.000000,-1.679175,-0.000000,-40.364685
0.000000,0.724216,0.000000,-1.415954,-0.000000,-34.017029
0.000000,0.652366,0.000000,-1.163470,-0.000000,-41.829529
0.000000,0.622173,0.000000,-0.877633,-0.000000,-40.181580
0.000000,0.529606,0.000000,-0.627048,-0.000000,-33.955994
0.000000,0.423652,0.000000,-0.339347,-0.000000,-53.670349
0.000000,0.408087,0.000000,-0.164512,-0.000000,-45.369568
0.000000,0.400337,0.000000,0.001914,-0.000000,-51.351013
0.000000,0.418507,0.000000,0.119652,-0.000000,-58.583679
0.000000,0.386860,0.000000,0.077084,-0.000000,-44.270935
0.000000,0.415505,0.000000,0.086533,-0.000000,-58.461609
0.000000,0.539006,0.000000,-0.063873,-0.000000,-59.438171
0.000000,0.615154,0.000000,-0.259389,-0.000000,-45.613708
0.000000,0.674844,0.000000,-0.369438,-0.000000,-64.534607
0.000000,0.857960,0.000000,-0.638202,-0.000000,-57.301941
0.000000,0.962838,0.000000,-0.859755,-0.000000,-52.113953
0.000000,1.058028,0.000000,-1.030812,-0.000000,-58.370056
0.000000,1.177508,0.000000,-1.299161,-0.000000,-48.604431
0.000000,1.269413,0.000000,-1.440667,-0.000000,-57.485046
0.000000,1.328988,0.000000,-1.570826,-0.000000,-50.404968
0.000000,1.368138,0.000000,-1.703948,-0.000000,-50.649109
0.000000,1.393965,0.000000,-1.764528,-0.000000,-55.043640
0.000000,1.374994,0.000000,-1.729709,-0.000000,-46.040955
0.000000,1.300720,0.000000,-1.680857,-0.000000,-50.099792
0.000000,1.221966,0.000000,-1.586768,-0.000000,-49.642029
0.000000,1.125017,0.000000,-1.362986,-0.000000,-47.505798
0.000000,0.990760,0.000000,-1.181457,-0.000000,-50.313416
0.000000,0.864615,0.000000,-0.978075,-0.000000,-47.780457
0.000000,0.700466,0.000000,-0.695637,-0.000000,-54.555359
0.000000,0.560664,0.000000,-0.453296,-0.000000,-56.600037
0.000000,0.447935,0.000000,-0.176174,-0.000000,-62.123718
0.000000,0.335111,0.000000,0.041807,-0.000000,-57.668152
0.000000,0.275867,0.000000,0.251895,-0.000000,-60.353699
0.000000,0.222623,0.000000,0.361073,-0.000000,-63.130798
0.000000,0.196719,0.000000,0.510967,-0.000000,-61.238708
0.000000,0.203762,0.000000,0.571561,-0.000000,-68.654480
0.000000,0.183628,0.000000,0.488240,-0.000000,-64.595642
0.000000,0.241889,0.000000,0.409502,-0.000000,-64.961853
0.000000,0.281775,0.000000,0.251743,-0.000000,-69.508972
0.000000,0.316665,0.000000,0.092401,-0.000000,-71.950378
0.000000,0.433823,0.000000,-0.100959,-0.000000,-70.882263
0.000000,0.502246,0.000000,-0.394935,-0.000000,-68.349304
0.000000,0.556617,0.000000,-0.567943,-0.000000,-73.384705
0.000000,0.634933,0.000000,-0.834069,-0.000000,-64.809265
0.000000,0.682334,0.000000,-1.046980,-0.000000,-66.884460
0.000000,0.718532,0.000000,-1.220964,-0.000000,-66.731873
0.000000,0.717932,0.000000,-1.376963,-0.000000,-64.595642
0.000000,0.722514,0.000000,-1.443398,-0.000000,-63.771667
0.000000,0.664878,0.000000,-1.417864,-0.000000,-61.360779
0.000000,0.588228,0.000000,-1.409912,-0.000000,-65.267029
0.000000,0.521863,0.000000,-1.339357,-0.000000,-59.895935
0.000000,0.361662,0.000000,-1.137025,-0.000000,-57.546082
0.000000,0.187795,0.000000,-0.953994,-0.000000,-58.644714
0.000000,0.062495,0.000000,-0.726848,-0.000000,-54.768982
0.000000,-0.085822,0.000000,-0.473165,-0.000000,-63.191833
0.000000,-0.213001,0.000000,-0.265073,-0.000000,-57.088318
0.000000,-0.336223,0.000000,-0.012431,-0.000000,-59.285583
0.000000,-0.492739,0.000000,0.203978,-0.000000,-71.889343
0.000000,-0.548152,0.000000,0.346269,-0.000000,-61.360779
0.000000,-0.610345,0.000000,0.497282,-0.000000,-64.534607
0.000000,-0.646597,0.000000,0.556237,-0.000000,-71.248474
0.000000,-0.634823,0.000000,0.514270,-0.000000,-64.320984
0.000000,-0.647708,0.000000,0.484294,-0.000000,-70.455017
0.000000,-0.586303,0.000000,0.374870,-0.000000,-68.532410
0.000000,-0.499467,0.000000,0.153852,-0.000000,-68.227234
0.000000,-0.423584,0.000000,-0.040333,-0.000000,-73.232117
0.000000,-0.313202,0.000000,-0.299979,-0.000000,-67.952576
0.000000,-0.197818,0.000000,-0.499576,-0.000000,-74.941101
0.000000,-0.067538,0.000000,-0.778905,-0.000000,-68.868103
0.000000,0.021164,0.000000,-0.971848,-0.000000,-67.983093
0.000000,0.107162,0.000000,-1.148460,-0.000000,-69.173279
0.000000,0.110422,0.000000,-1.326223,-0.000000,-66.091003
0.000000,0.126291,0.000000,-1.392782,-0.000000,-65.541687
0.000000,0.131268,0.000000,-1.425206,-0.000000,-65.907898
0.000000,0.088589,0.000000,-1.405373,-0.000000,-66.853943
0.000000,0.053973,0.000000,-1.289132,2.812500,-56.539001
0.000000,-0.027618,0.000000,-1.161240,2.812500,-63.374939
0.000000,-0.106558,0.000000,-1.021976,2.812500,-62.245789
0.000000,-0.201124,0.000000,-0.764472,2.812500,-55.745544
0.000000,-0.330011,0.000000,-0.559847,2.812500,-62.398376
0.000000,-0.416947,0.000000,-0.296433,2.812500,-60.475769
0.000000,-0.554620,0.000000,-0.069220,2.812500,-63.405457
0.000000,-0.641057,0.000000,0.116166,2.812500,-63.863220
0.000000,-0.740438,0.000000,0.263210,18.281250,-64.565125
0.000000,-0.806222,0.000000,0.421534,18.281250,-66.945496
0.000000,-0.834479,0.000000,0.428457,18.281250,-67.616882
0.000000,-0.853622,0.000000,0.438830,18.281250,-67.311707
0.000000,-0.838868,0.000000,0.414034,18.281250,-62.337341
0.000000,-0.807291,0.000000,0.276945,18.281250,-64.839783
0.000000,-0.739993,0.000000,0.135309,18.281250,-60.109558
0.000000,-0.675515,0.000000,0.015575,18.281250,-64.412537
0.000000,-0.547075,0.000000,-0.239667,18.281250,-62.642517
0.000000,-0.435385,0.000000,-0.478209,68.906250,-54.219666
0.000000,-0.355236,0.000000,-0.636358,68.906250,-65.267029
0.000000,-0.247394,0.000000,-0.897600,68.906250,-58.858337
0.000000,-0.166561,0.000000,-1.073701,68.906250,-49.214783
0.000000,-0.103451,0.000000,-1.129022,68.906250,-47.933044
0.000000,-0.075369,0.000000,-1.224554,68.906250,-37.129822
0.000000,-0.084183,0.000000,-1.276107,68.906250,-30.660095
0.000000,-0.069920,0.000000,-1.203589,68.906250,-30.232849
0.000000,-0.054475,0.000000,-1.188707,90.000000,-23.732605
0.000000,-0.061659,0.000000,-1.052676,90.000000,-24.251404
0.000000,-0.085344,0.000000,-0.976859,90.000000,-20.924988
0.000000,-0.120929,0.000000,-0.879878,90.000000,-19.307556
0.000000,-0.130280,0.000000,-0.707642,90.000000,-14.089050
0.000000,-0.169780,0.000000,-0.587166,90.000000,-6.307068
0.000000,-0.244202,0.000000,-0.390009,90.000000,-16.072693
0.000000,-0.270764,0.000000,-0.243858,90.000000,-6.246033
0.000000,-0.312824,0.000000,-0.066391,104.062500,-8.809509
0.000000,-0.375276,0.000000,0.093736,104.062500,-14.607849
0.000000,-0.414215,0.000000,0.183033,104.062500,-14.516296
0.000000,-0.431158,0.000000,0.248392,104.062500,-12.441101
0.000000,-0.468020,0.000000,0.334717,104.062500,-8.046570
0.000000,-0.477706,0.000000,0.348846,104.062500,-10.091248
0.000000,-0.483399,0.000000,0.336848,104.062500,-7.741394
0.000000,-0.501812,0.000000,0.350067,104.062500,-6.673279
0.000000,-0.516821,0.000000,0.265141,104.062500,-13.051453
0.000000,-0.452016,0.000000,0.141634,106.875000,-3.285828
0.000000,-0.479155,0.000000,0.055377,106.875000,-3.255310
0.000000,-0.506949,0.000000,-0.061170,106.875000,-9.358826
0.000000,-0.493556,0.000000,-0.193607,106.875000,-3.926697
0.000000,-0.481582,0.000000,-0.302945,106.875000,-0.203552
0.000000,-0.489606,0.000000,-0.336933,106.875000,-10.243835
0.000000,-0.448159,0.000000,-0.448379,106.875000,0.467834
0.000000,-0.496183,0.000000,-0.474357,106.875000,1.505432
0.000000,-0.499135,0.000000,-0.459263,109.687500,-2.004089
0.000000,-0.506920,0.000000,-0.482970,109.687500,6.235657
0.000000,-0.503928,0.000000,-0.401521,109.687500,-3.255310
0.000000,-0.513131,0.000000,-0.364698,109.687500,8.554993
0.000000,-0.572996,0.000000,-0.234942,109.687500,1.841125
0.000000,-0.600983,0.000000,-0.083242,109.687500,7.608948
0.000000,-0.638316,0.000000,0.091258,109.687500,8.585510
0.000000,-0.665119,0.000000,0.250473,109.687500,1.688538
0.000000,-0.656053,0.000000,0.388195,109.687500,11.423645
0.000000,-0.674142,0.000000,0.559464,109.687500,0.895081
0.000000,-0.710933,0.000000,0.671815,109.687500,-0.203552
0.000000,-0.722144,0.000000,0.754787,109.687500,-1.424255
0.000000,-0.684057,0.000000,0.826824,109.687500,-0.630798
0.000000,-0.682726,0.000000,0.811250,109.687500,3.244934
0.000000,-0.632480,0.000000,0.799996,109.687500,-0.295105
0.000000,-0.536847,0.000000,0.729611,109.687500,2.176819
0.000000,-0.485178,0.000000,0.653629,109.687500,0.376282
0.000000,-0.402222,0.000000,0.567781,109.687500,-3.346863
0.000000,-0.243050,0.000000,0.398894,109.687500,7.120667
0.000000,-0.152212,0.000000,0.267112,109.687500,3.733215
0.000000,-0.051062,0.000000,0.185736,109.687500,-0.325623
0.000000,0.122680,0.000000,0.025138,109.687500,7.914124
0.000000,0.215337,0.000000,0.002640,109.687500,0.559387
0.000000,0.324346,0.000000,-0.071048,109.687500,10.386047
0.000000,0.408978,0.000000,-0.159229,109.687500,9.287415
0.000000,0.449097,0.000000,-0.211433,109.687500,8.005676
0.000000,0.506404,0.000000,-0.211136,109.687500,12.186584
0.000000,0.590077,0.000000,-0.198804,109.687500,10.416565
0.000000,0.642755,0.000000,-0.142634,109.687500,15.543518
0.000000,0.660012,0.000000,-0.114778,109.687500,16.367493
0.000000,0.684233,0.000000,-0.091111,109.687500,15.909729
0.000000,0.689957,0.000000,-0.009195,109.687500,22.318420
0.000000,0.664994,0.000000,0.081192,109.687500,21.616516
0.000000,0.601067,0.000000,0.165774,109.687500,21.647034
0.000000,0.543488,0.000000,0.254076,109.687500,23.691711
0.000000,0.493025,0.000000,0.341079,109.687500,21.494446
0.000000,0.463815,0.000000,0.422996,109.687500,16.092834
0.000000,0.414344,0.000000,0.397226,109.687500,32.511292
0.000000,0.344926,0.000000,0.480421,109.687500,18.686829
0.000000,0.339344,0.000000,0.502787,109.687500,19.968567
0.000000,0.323061,0.000000,0.410069,109.687500,36.844788
0.000000,0.260928,0.000000,0.428030,109.687500,18.503723
0.000000,0.282672,0.000000,0.338632,108.281250,23.539124
0.000000,0.301739,0.000000,0.188058,108.281250,35.532532
0.000000,0.322359,0.000000,0.171593,108.281250,23.294983
0.000000,0.355640,0.000000,0.030446,108.281250,34.861145
0.000000,0.357061,0.000000,-0.068949,108.281250,31.229553
0.000000,0.425625,0.000000,-0.147555,108.281250,29.154358
0.000000,0.471517,0.000000,-0.250432,108.281250,39.072571
0.000000,0.496491,0.000000,-0.355075,108.281250,34.708557
0.000000,0.506478,0.000000,-0.418513,108.281250,43.222961
0.000000,0.490593,0.000000,-0.446303,108.281250,46.457825
0.000000,0.475305,0.000000,-0.423481,108.281250,43.619690
0.000000,0.425610,0.000000,-0.396336,108.281250,46.701965
0.000000,0.398739,0.000000,-0.374348,108.281250,48.471985
0.000000,0.312892,0.000000,-0.338995,108.281250,54.667053
0.000000,0.238118,0.000000,-0.252710,108.281250,54.758606
0.000000,0.178069,0.000000,-0.230784,108.281250,53.385315
0.000000,0.091143,0.000000,-0.188400,108.281250,55.552063
0.000000,0.056336,0.000000,-0.143915,108.281250,60.740051
0.000000,-0.047919,0.000000,-0.156015,108.281250,60.770569
0.000000,-0.098904,0.000000,-0.118974,108.281250,53.598938
0.000000,-0.132722,0.000000,-0.156901,108.281250,67.820129
0.000000,-0.212061,0.000000,-0.158979,108.281250,55.063782
0.000000,-0.220997,0.000000,-0.178672,108.281250,58.664856
0.000000,-0.281420,0.000000,-0.229814,108.281250,60.617981
0.000000,-0.302775,0.000000,-0.270976,108.281250,46.732483
0.000000,-0.268825,0.000000,-0.392373,108.281250,67.514954
0.000000,-0.284669,0.000000,-0.457573,108.281250,56.284485
0.000000,-0.237924,0.000000,-0.547496,108.281250,54.026184
0.000000,-0.169796,0.000000,-0.629114,108.281250,71.329651
0.000000,-0.138816,0.000000,-0.715448,108.281250,59.610901
0.000000,-0.092777,0.000000,-0.738662,108.281250,66.721497
0.000000,-0.025021,0.000000,-0.759244,108.281250,71.238098
0.000000,0.014600,0.000000,-0.809249,108.281250,65.683899
0.000000,0.050773,0.000000,-0.838013,108.281250,70.963440
0.000000,0.076604,0.000000,-0.829007,108.281250,66.263733
0.000000,0.099140,0.000000,-0.835608,108.281250,68.979797
0.000000,0.083344,0.000000,-0.826882,108.281250,73.130188
0.000000,0.080991,0.000000,-0.783618,108.281250,65.928040
0.000000,0.056169,0.000000,-0.791374,108.281250,75.022278
0.000000,0.028270,0.000000,-0.716603,108.281250,70.231018
0.000000,0.005110,0.000000,-0.660358,108.281250,72.153625
0.000000,-0.038015,0.000000,-0.622756,108.281250,77.982483
0.000000,-0.107688,0.000000,-0.554864,108.281250,74.259338
0.000000,-0.146380,0.000000,-0.475437,108.281250,80.545959
0.000000,-0.240945,0.000000,-0.401657,108.281250,81.247864
0.000000,-0.297420,0.000000,-0.320850,108.281250,73.801575
0.000000,-0.330202,0.000000,-0.305532,108.281250,92.356262
0.000000,-0.413572,0.000000,-0.255090,108.281250,73.496399
0.000000,-0.454179,0.000000,-0.286500,108.281250,85.154114
0.000000,-0.560941,0.000000,-0.310422,108.281250,84.818420
0.000000,-0.563639,0.000000,-0.346538,108.281250,75.480042
0.000000,-0.542962,0.000000,-0.444395,108.281250,93.302307
0.000000,-0.577601,0.000000,-0.510431,108.281250,72.153625
0.000000,-0.503315,0.000000,-0.642944,108.281250,82.834778
0.000000,-0.428308,0.000000,-0.732391,108.281250,88.297424
0.000000,-0.374956,0.000000,-0.860400,108.281250,71.878967
0.000000,-0.283313,0.000000,-0.962250,108.281250,83.048401
0.000000,-0.194568,0.000000,-1.050510,108.281250,80.484924
0.000000,-0.096746,0.000000,-1.150658,108.281250,81.705627
0.000000,-0.006365,0.000000,-1.230906,108.281250,79.874573
0.000000,0.093879,0.000000,-1.252456,108.281250,82.010803
0.000000,0.199262,0.000000,-1.329926,64.687500,87.320862
0.000000,0.264828,0.000000,-1.264179,64.687500,79.325256
0.000000,0.359149,0.000000,-1.266326,64.687500,89.243469
0.000000,0.413746,0.000000,-1.221160,64.687500,81.369934
0.000000,0.463270,0.000000,-1.074806,64.687500,61.197815
0.000000,0.468057,0.000000,-1.058513,64.687500,65.287170
0.000000,0.457405,0.000000,-0.990246,64.687500,48.685608
0.000000,0.515896,0.000000,-0.933688,64.687500,57.291565
0.000000,0.488030,0.000000,-0.940592,46.406250,60.129700
0.000000,0.460456,0.000000,-0.863899,46.406250,46.244202
0.000000,0.484819,0.000000,-0.846023,46.406250,67.789612
0.000000,0.434029,0.000000,-0.804767,46.406250,51.706848
0.000000,0.398791,0.000000,-0.714114,46.406250,46.915588
0.000000,0.380243,0.000000,-0.766769,46.406250,69.651184
0.000000,0.288969,0.000000,-0.732054,46.406250,43.467102
0.000000,0.262824,0.000000,-0.690261,46.406250,48.502502
0.000000,0.160303,0.000000,-0.844020,11.250000,62.906799
0.000000,0.079965,0.000000,-0.864492,11.250000,41.758118
0.000000,0.074686,0.000000,-0.893881,11.250000,49.967346
0.000000,0.016787,0.000000,-1.065037,11.250000,47.342834
0.000000,-0.037014,0.000000,-1.097223,11.250000,30.466614
0.000000,-0.027087,0.000000,-1.159118,11.250000,33.304749
0.000000,0.002288,0.000000,-1.344405,11.250000,21.647034
0.000000,0.053748,0.000000,-1.404838,11.250000,33.731995
0.000000,0.084341,0.000000,-1.408306,11.250000,31.443176
-3.515625,0.198332,0.000000,-1.510468,7.031250,16.581116
-3.515625,0.306858,0.000000,-1.563742,7.031250,37.638245
-3.515625,0.315202,0.000000,-1.494709,7.031250,16.550598
-3.515625,0.492091,0.000000,-1.428424,7.031250,16.733704
-3.515625,0.656189,0.000000,-1.358228,7.031250,24.790344
-3.515625,0.741705,0.000000,-1.275532,7.031250,8.249817
-3.515625,0.923194,0.000000,-1.201153,7.031250,7.517395
-3.515625,1.023351,0.000000,-1.144380,7.031250,14.414368
-3.515625,1.045897,0.000000,-0.978386,7.031250,6.998596
-3.515625,1.085171,0.000000,-0.879685,7.031250,8.890686
-3.515625,1.058560,0.000000,-0.796241,7.031250,4.831848
-3.515625,0.963035,0.000000,-0.703851,7.031250,8.219299
-10.000000,0.870567,0.000000,-0.730232,8.437500,9.867249
-10.000000,0.678614,0.000000,-0.656710,8.437500,-6.642761
-10.000000,0.500008,0.000000,-0.655658,8.437500,8.463440
-10.000000,0.290587,0.000000,-0.760210,8.437500,5.838928
-10.000000,0.063056,0.000000,-0.664916,8.437500,-11.861267
-10.000000,-0.165645,0.000000,-0.712743,8.437500,13.742981
-10.000000,-0.456926,0.000000,-0.848403,8.437500,-1.637878
-10.000000,-0.761761,0.000000,-0.765440,8.437500,-2.095642
-3.984375,-1.121851,0.000000,-0.830277,7.031250,8.554993
-3.984375,-1.500142,0.000000,-0.840301,7.031250,-11.250916
-3.984375,-1.848285,0.000000,-0.826355,7.031250,14.719543
-3.984375,-2.282686,0.000000,-0.799802,7.031250,-1.790466
-3.984375,-2.722663,0.000000,-0.780721,7.031250,3.153381
-3.984375,-3.217412,0.000000,-0.727139,7.031250,13.987122
-3.984375,-3.665813,0.000000,-0.683133,7.031250,-3.957214
-3.984375,-4.062782,0.000000,-0.661955,7.031250,4.587708
0.000000,-4.425723,0.000000,-0.561133,16.875000,1.444397
0.000000,-4.715815,0.000000,-0.495239,16.875000,2.573547
0.000000,-4.920505,0.000000,-0.408557,16.875000,3.336487
0.000000,-5.029364,0.000000,-0.314860,16.875000,0.925598
0.000000,-5.025296,0.000000,-0.218768,16.875000,15.390930
0.000000,-4.945607,0.000000,-0.087091,16.875000,8.768616
0.000000,-4.792290,0.000000,-0.015491,16.875000,11.759338
0.000000,-4.536693,0.000000,0.118393,16.875000,8.768616
0.000000,-4.182501,0.000000,0.226116,16.875000,6.754456
0.000000,-3.831486,0.000000,0.256780,23.906250,14.627991
0.000000,-3.407308,0.000000,0.319969,23.906250,1.291809
0.000000,-2.936343,0.000000,0.344829,23.906250,5.075989
0.000000,-2.443745,0.000000,0.298348,23.906250,12.400208
0.000000,-2.003642,0.000000,0.265796,23.906250,4.038391
0.000000,-1.563521,0.000000,0.230036,23.906250,2.878723
0.000000,-1.130695,0.000000,0.087938,23.906250,18.778381
0.000000,-0.824058,0.000000,0.025241,23.906250,0.681458
0.000000,-0.493785,0.000000,-0.025129,39.375000,2.939758
0.000000,-0.305594,0.000000,-0.244725,39.375000,16.794739
0.000000,-0.153419,0.000000,-0.356541,39.375000,0.925598
0.000000,-0.076452,0.000000,-0.490656,39.375000,15.177307
0.000000,-0.087220,0.000000,-0.648326,39.375000,15.757141
0.000000,-0.176663,0.000000,-0.728590,39.375000,19.327698
0.000000,-0.325389,0.000000,-0.790146,39.375000,25.980530
0.000000,-0.511304,0.000000,-0.878691,39.375000,19.175110
0.000000,-0.739228,0.000000,-0.905400,39.375000,25.248108
0.000000,-1.013905,0.000000,-0.867358,47.812500,16.306458
0.000000,-1.245418,0.000000,-0.845097,47.812500,21.067200
0.000000,-1.514567,0.000000,-0.785289,47.812500,26.926575
0.000000,-1.705317,0.000000,-0.634281,47.812500,18.290100
0.000000,-1.883747,0.000000,-0.522467,47.812500,29.825745
0.000000,-2.054390,0.000000,-0.406519,47.812500,32.206116
0.000000,-2.131461,0.000000,-0.227147,47.812500,18.473206
0.000000,-2.125635,0.000000,-0.127152,47.812500,25.553284
0.000000,-2.098797,0.000000,0.007894,47.812500,28.238831
0.000000,-1.991265,0.000000,0.102330,47.812500,25.003967
0.000000,-1.896098,0.000000,0.138736,53.437500,29.459534
0.000000,-1.755725,0.000000,0.207256,53.437500,24.027405
0.000000,-1.570260,0.000000,0.235614,53.437500,22.471008
0.000000,-1.351210,0.000000,0.241428,53.437500,20.456848
0.000000,-1.089023,0.000000,0.196131,53.437500,29.795227
0.000000,-0.875849,0.000000,0.212930,53.437500,18.534241
0.000000,-0.597117,0.000000,0.112225,53.437500,21.647034
0.000000,-0.412134,0.000000,0.022998,53.437500,25.583801
0.000000,-0.225256,0.000000,-0.074115,56.250000,15.238342
0.000000,0.002729,0.000000,-0.205705,56.250000,25.248108
0.000000,0.117544,0.000000,-0.300329,56.250000,17.771301
0.000000,0.227929,0.000000,-0.415672,56.250000,22.348938
0.000000,0.305499,0.000000,-0.519113,56.250000,28.788147
0.000000,0.332929,0.000000,-0.578507,56.250000,24.424133
0.000000,0.347599,0.000000,-0.627469,56.250000,32.572327
0.000000,0.316028,0.000000,-0.636812,56.250000,28.940735
0.000000,0.234139,0.000000,-0.622199,56.250000,36.905823
0.000000,0.103564,0.000000,-0.554028,57.656250,38.706360
0.000000,-0.032568,0.000000,-0.472597,57.656250,33.304749
0.000000,-0.153453,0.000000,-0.348684,57.656250,36.387024
0.000000,-0.251000,0.000000,-0.207028,57.656250,38.523254
0.000000,-0.355170,0.000000,-0.109694,57.656250,32.267151
0.000000,-0.479727,0.000000,0.049158,57.656250,38.523254
0.000000,-0.566297,0.000000,0.212641,57.656250,36.600647
0.000000,-0.587281,0.000000,0.298020,57.656250,32.480774
0.000000,-0.663852,0.000000,0.428110,57.656250,36.600647
0.000000,-0.667460,0.000000,0.254604,-0.000000,-1.882019
0.000000,-0.646770,0.000000,0.194514,-0.000000,-2.156677
0.000000,-0.615447,0.000000,0.131489,-0.000000,-1.515808
0.000000,-0.583467,0.000000,0.084539,-0.000000,0.223694
0.000000,-0.560774,0.000000,0.071458,-0.000000,-1.027527
0.000000,-0.541160,0.000000,0.098037,-0.000000,-2.797546
0.000000,-0.517058,0.000000,0.151026,-0.000000,3.031311
0.000000,-0.486538,0.000000,0.207476,-0.000000,2.237854
0.000000,-0.450033,0.000000,0.237478,-0.000000,0.040588
0.000000,-0.396360,0.000000,0.273970,-0.000000,1.688538
0.000000,-0.353564,0.000000,0.303012,-0.000000,3.214417
0.000000,-0.330976,0.000000,0.310835,-0.000000,9.195862
0.000000,-0.282159,0.000000,0.297422,-0.000000,8.432922
0.000000,-0.214041,0.000000,0.280227,-0.000000,-9.358826
0.000000,-0.168182,0.000000,0.282537,-0.000000,-12.898865
0.000000,-0.134123,0.000000,0.340672,-0.000000,-6.490173
0.000000,-0.109673,0.000000,0.399919,-0.000000,3.031311
0.000000,-0.124478,0.000000,0.427770,-0.000000,0.681458
0.000000,-0.125611,0.000000,0.434143,-0.000000,-4.872742
0.000000,-0.120563,0.000000,0.456758,-0.000000,-5.422058
0.000000,-0.106352,0.000000,0.483863,-0.000000,-3.255310
0.000000,-0.088775,0.000000,0.477634,-0.000000,3.977356
0.000000,-0.092627,0.000000,0.406762,-0.000000,1.383362
0.000000,-0.117530,0.000000,0.357992,-0.000000,-11.098328
0.000000,-0.120515,0.000000,0.363789,-0.000000,-0.447693
0.000000,-0.099780,0.000000,0.372149,-0.000000,6.907043
0.000000,-0.059345,0.000000,0.338149,-0.000000,-9.999695
0.000000,-0.059143,0.000000,0.295845,-0.000000,-8.717957
0.000000,-0.051974,0.000000,0.272683,-0.000000,0.528870
0.000000,-0.013587,0.000000,0.202987,-0.000000,0.193176
0.000000,0.020024,0.000000,0.124349,-0.000000,-5.513611
0.000000,0.030716,0.000000,0.063411,-0.000000,-2.522888
0.000000,0.037800,0.000000,-0.000637,-0.000000,0.711975
0.000000,0.050091,0.000000,-0.074587,-0.000000,-5.208435
0.000000,0.057704,0.000000,-0.164375,-0.000000,-8.199158
0.000000,0.098922,0.000000,-0.194037,-0.000000,-11.220398
0.000000,0.220345,0.000000,-0.162004,-0.000000,-4.079285
0.000000,0.361056,0.000000,-0.135966,-0.000000,-1.302185
0.000000,0.501557,0.000000,-0.099434,-0.000000,-8.809509
0.000000,0.623248,0.000000,-0.080276,-0.000000,-8.656921
0.000000,0.741057,0.000000,-0.047460,-0.000000,-11.922302
0.000000,0.826993,0.000000,-0.022360,-0.000000,-16.622009
0.000000,0.866050,0.000000,0.013993,-0.000000,-19.978943
0.000000,0.822907,0.000000,0.011744,-0.000000,-11.830750
0.000000,0.750382,0.000000,-0.017924,-0.000000,-2.492371
0.000000,0.735107,0.000000,-0.052481,-0.000000,-0.142517
0.000000,0.755365,0.000000,-0.103548,-0.000000,0.528870
0.000000,0.787205,0.000000,-0.182587,-0.000000,-0.356140
0.000000,0.799060,0.000000,-0.234286,-0.000000,-1.607361
0.000000,0.827565,0.000000,-0.193753,-0.000000,2.024231
0.000000,0.869886,0.000000,-0.220636,-0.000000,5.350647
0.000000,0.932178,0.000000,-0.318460,-0.000000,3.336487
0.000000,1.010324,0.000000,-0.347869,-0.000000,-1.973572
0.000000,1.053751,0.000000,-0.327177,-0.000000,-0.813904
0.000000,1.136444,0.000000,-0.383738,-0.000000,4.618225
0.000000,1.185285,0.000000,-0.402547,-0.000000,2.329407
0.000000,1.179536,0.000000,-0.370304,-0.000000,2.604065
0.000000,1.159059,0.000000,-0.379040,-0.000000,3.214417
0.000000,1.163087,0.000000,-0.385991,-0.000000,-2.187195
0.000000,1.162223,0.000000,-0.343113,-0.000000,-0.447693
0.000000,1.172753,0.000000,-0.295548,-0.000000,0.345764
0.000000,1.177694,0.000000,-0.323892,-0.000000,2.420959
0.000000,1.177967,0.000000,-0.350641,-0.000000,4.038391
0.000000,1.168500,0.000000,-0.313493,-0.000000,0.834045
0.000000,1.175330,0.000000,-0.319237,-0.000000,5.106506
0.000000,1.192574,0.000000,-0.327745,-0.000000,3.214417
0.000000,1.189902,0.000000,-0.333252,-0.000000,3.916321
0.000000,1.203450,0.000000,-0.283808,-0.000000,2.726135
0.000000,1.232584,0.000000,-0.249834,-0.000000,2.634583
0.000000,1.222451,0.000000,-0.293283,-0.000000,6.479797
0.000000,1.158084,0.000000,-0.350340,-0.000000,0.895081
0.000000,1.115712,0.000000,-0.391346,-0.000000,-3.224792
0.000000,1.064302,0.000000,-0.388887,-0.000000,4.496155
0.000000,0.965807,0.000000,-0.373536,-0.000000,4.007874
0.000000,0.777851,0.000000,-0.378166,-0.000000,2.237854
0.000000,0.530674,0.000000,-0.370805,-0.000000,3.794250
0.000000,0.220909,0.000000,-0.252818,-0.000000,3.580627
0.000000,-0.036915,0.000000,0.150387,-0.000000,-11.189880
0.000000,-0.094915,0.000000,0.281661,-0.000000,-19.002380
0.000000,-0.127591,0.000000,0.149288,-0.000000,-22.054138
0.000000,-0.149771,0.000000,0.000093,-0.000000,-28.188171
0.000000,-0.194758,0.000000,-0.201436,-0.000000,-37.099304
0.000000,-0.198997,0.000000,-0.418732,-0.000000,-31.819763
0.000000,-0.176695,0.000000,-0.532532,-0.000000,-15.767517
0.000000,-0.213363,0.000000,-0.546650,-0.000000,-20.009460
0.000000,-0.232236,0.000000,-0.597195,-0.000000,-21.230164
0.000000,-0.239949,0.000000,-0.596216,-0.000000,-15.828552
0.000000,-0.292944,0.000000,-0.495830,-0.000000,-24.678650
0.000000,-0.369627,0.000000,-0.449229,-0.000000,-25.929871
0.000000,-0.474821,0.000000,-0.423386,-0.000000,-25.533142
0.000000,-0.603188,0.000000,-0.202997,-0.000000,-29.683533
0.000000,-0.739788,0.000000,-0.070667,-0.000000,-28.615417
0.000000,-0.919420,0.000000,0.034586,-0.000000,-30.934753
0.000000,-1.088812,0.000000,0.215386,-0.000000,-26.814880
0.000000,-1.227603,0.000000,0.400357,-0.000000,-19.887390
0.000000,-1.458164,0.000000,0.550838,-0.000000,-31.362000
0.000000,-1.649071,0.000000,0.765332,-0.000000,-32.765808
0.000000,-1.793454,0.000000,0.933823,-0.000000,-26.570740
0.000000,-1.941363,0.000000,1.077898,-0.000000,-33.559265
0.000000,-2.058939,0.000000,1.164677,-0.000000,-32.094421
0.000000,-2.147285,0.000000,1.201437,-0.000000,-30.629578
0.000000,-2.224692,0.000000,1.226702,-0.000000,-34.993591
0.000000,-2.275840,0.000000,1.220724,-0.000000,-33.589783
0.000000,-2.309175,0.000000,1.208637,-0.000000,-32.674255
0.000000,-2.260197,0.000000,1.120996,-0.000000,-38.716736
0.000000,-2.222224,0.000000,0.966550,-0.000000,-40.090027
0.000000,-2.147362,0.000000,0.827632,-0.000000,-38.381042
0.000000,-2.030987,0.000000,0.659617,-0.000000,-36.519470
0.000000,-1.947954,0.000000,0.430791,-0.000000,-38.594666
0.000000,-1.793340,0.000000,0.222046,-0.000000,-38.564148
0.000000,-1.621295,0.000000,0.023999,-0.000000,-31.087341
0.000000,-1.492747,0.000000,-0.123652,-0.000000,-31.911316
0.000000,-1.340894,0.000000,-0.361669,-0.000000,-31.636658
0.000000,-1.207954,0.000000,-0.538192,-0.000000,-32.063904
0.000000,-1.072626,0.000000,-0.636092,-0.000000,-32.979431
0.000000,-0.977078,0.000000,-0.711676,-0.000000,-33.345642
0.000000,-0.892511,0.000000,-0.724361,-0.000000,-28.157654
0.000000,-0.829942,0.000000,-0.701052,-0.000000,-31.728210
0.000000,-0.762405,0.000000,-0.657874,-0.000000,-34.871521
0.000000,-0.707895,0.000000,-0.564931,-0.000000,-27.455750
0.000000,-0.679589,0.000000,-0.420628,-0.000000,-34.169617
0.000000,-0.661324,0.000000,-0.265901,-0.000000,-31.484070
0.000000,-0.666593,0.000000,-0.065460,-0.000000,-28.157654
0.000000,-0.675555,0.000000,0.169175,-0.000000,-36.061707
0.000000,-0.663891,0.000000,0.388103,-0.000000,-37.984314
0.000000,-0.666151,0.000000,0.554183,-0.000000,-31.178894
0.000000,-0.693504,0.000000,0.837767,-0.000000,-44.576111
0.000000,-0.655124,0.000000,1.016312,-0.000000,-43.965759
0.000000,-0.629489,0.000000,1.138151,-0.000000,-37.953796
0.000000,-0.619099,0.000000,1.294374,-0.000000,-46.407166
0.000000,-0.544602,0.000000,1.331157,-0.000000,-48.024597
0.000000,-0.497020,0.000000,1.311703,-0.000000,-43.996277
0.000000,-0.426650,0.000000,1.330079,-0.000000,-54.891052
0.000000,-0.299102,0.000000,1.225309,-0.000000,-36.611023
0.000000,-0.190421,0.000000,1.075495,-0.000000,-32.216492
0.000000,-0.146935,0.000000,1.013757,-0.000000,-47.505798
0.000000,-0.078460,0.000000,0.870696,-0.000000,-40.547791
0.000000,0.030834,0.000000,0.674898,-0.000000,-38.381042
0.000000,0.098875,0.000000,0.524836,-0.000000,-46.285095
0.000000,0.150296,0.000000,0.377985,-0.000000,-39.632263
0.000000,0.185016,0.000000,0.218605,-0.000000,-43.965759
0.000000,0.173412,0.000000,0.073287,-0.000000,-41.799011
0.000000,0.171192,0.000000,-0.039601,-0.000000,-34.841003
0.000000,0.184971,0.000000,-0.147391,-0.000000,-41.554871
0.000000,0.142597,0.000000,-0.249420,-0.000000,-38.533630
0.000000,0.098535,0.000000,-0.275477,-0.000000,-31.117859
0.000000,0.068357,0.000000,-0.271753,-0.000000,-36.214294
0.000000,0.015361,0.000000,-0.248604,-0.000000,-35.603943
0.000000,-0.070891,0.000000,-0.181972,-0.000000,-30.476990
0.000000,-0.134003,0.000000,-0.097945,-0.000000,-35.298767
0.000000,-0.194508,0.000000,-0.032642,-0.000000,-34.474792
0.000000,-0.251528,0.000000,0.071345,-0.000000,-35.359802
0.000000,-0.302923,0.000000,0.152825,-0.000000,-40.242615
0.000000,-0.381744,0.000000,0.237627,-0.000000,-37.496033
0.000000,-0.438373,0.000000,0.407979,-0.000000,-38.716736
0.000000,-0.443665,0.000000,0.517691,-0.000000,-42.378845
0.000000,-0.449489,0.000000,0.556858,-0.000000,-35.787048
0.000000,-0.489301,0.000000,0.669173,-0.000000,-42.287292
0.000000,-0.515425,0.000000,0.762779,-0.000000,-50.374451
0.000000,-0.451932,0.000000,0.743380,-0.000000,-43.202820
0.000000,-0.383516,0.000000,0.699458,-0.000000,-41.676941
0.000000,-0.421194,0.000000,0.711212,-0.000000,-47.810974
0.000000,-0.362710,0.000000,0.660824,-0.000000,-50.740662
0.000000,-0.252264,0.000000,0.534792,-0.000000,-50.282898
0.000000,-0.196163,0.000000,0.409348,-0.000000,-49.031677
0.000000,-0.148460,0.000000,0.302270,-0.000000,-53.121033
0.000000,-0.071507,0.000000,0.090896,-0.000000,-49.123230
0.000000,-0.032639,0.000000,-0.002629,-0.000000,-47.078552
0.000000,-0.004011,0.000000,-0.068766,-0.000000,-48.970642
0.000000,0.018150,0.000000,-0.157231,-0.000000,-46.010437
0.000000,0.041331,0.000000,-0.244467,-0.000000,-42.561951
0.000000,0.030625,0.000000,-0.257535,-0.000000,-44.240417
0.000000,-0.007755,0.000000,-0.312984,-0.000000,-44.820251
0.000000,-0.033806,0.000000,-0.349973,4.218750,-46.315613
0.000000,-0.056724,0.000000,-0.252284,4.218750,-43.416443
0.000000,-0.111640,0.000000,-0.197395,4.218750,-44.118347
0.000000,-0.177192,0.000000,-0.129251,4.218750,-48.512878
0.000000,-0.271703,0.000000,-0.024027,4.218750,-40.273132
0.000000,-0.373731,0.000000,0.146969,4.218750,-48.573914
0.000000,-0.450310,0.000000,0.258575,4.218750,-38.258972
0.000000,-0.540410,0.000000,0.434378,4.218750,-52.358093
0.000000,-0.603830,0.000000,0.496921,4.218750,-52.144470
0.000000,-0.622084,0.000000,0.601220,12.656250,-37.099304
0.000000,-0.695709,0.000000,0.710696,12.656250,-44.637146
0.000000,-0.765676,0.000000,0.794139,12.656250,-40.944519
0.000000,-0.725843,0.000000,0.842620,12.656250,-35.817566
0.000000,-0.805303,0.000000,0.805965,12.656250,-48.543396
0.000000,-0.809465,0.000000,0.790239,12.656250,-35.756531
0.000000,-0.797990,0.000000,0.747137,12.656250,-47.322693
0.000000,-0.718576,0.000000,0.695792,12.656250,-35.756531
0.000000,-0.633404,0.000000,0.630844,18.281250,-32.826843
0.000000,-0.644872,0.000000,0.506802,18.281250,-44.209900
0.000000,-0.609793,0.000000,0.399274,18.281250,-43.050232
0.000000,-0.549212,0.000000,0.247361,18.281250,-31.026306
0.000000,-0.576312,0.000000,0.097036,18.281250,-39.967957
0.000000,-0.536989,0.000000,0.020444,18.281250,-32.735291
0.000000,-0.481128,0.000000,-0.061157,18.281250,-20.650330
0.000000,-0.475672,0.000000,-0.108563,18.281250,-35.420837
0.000000,-0.474898,0.000000,-0.167842,18.281250,-30.507507
0.000000,-0.466806,0.000000,-0.136424,18.281250,-25.227966
0.000000,-0.480497,0.000000,-0.152027,18.281250,-32.216492
0.000000,-0.512614,0.000000,-0.154274,18.281250,-32.948914
0.000000,-0.564841,0.000000,-0.062448,18.281250,-23.335876
0.000000,-0.613188,0.000000,0.011450,18.281250,-29.591980
0.000000,-0.665374,0.000000,0.043032,18.281250,-29.042664
0.000000,-0.747152,0.000000,0.138364,18.281250,-23.122253
0.000000,-0.811192,0.000000,0.302274,18.281250,-30.721130
0.000000,-0.876396,0.000000,0.302682,18.281250,-21.687927
0.000000,-1.003180,0.000000,0.421566,18.281250,-27.577820
0.000000,-1.083055,0.000000,0.562720,18.281250,-36.427917
0.000000,-1.100672,0.000000,0.630045,18.281250,-29.469910
0.000000,-1.196565,0.000000,0.674868,18.281250,-23.183289
0.000000,-1.226363,0.000000,0.800316,18.281250,-37.496033
0.000000,-1.191379,0.000000,0.775636,22.500000,-32.857361
0.000000,-1.151550,0.000000,0.728792,22.500000,-29.805603
0.000000,-1.127317,0.000000,0.763151,22.500000,-37.831726
0.000000,-1.027880,0.000000,0.660694,22.500000,-36.214294
0.000000,-0.951756,0.000000,0.505495,22.500000,-25.289001
0.000000,-0.861538,0.000000,0.462967,22.500000,-27.913513
0.000000,-0.777149,0.000000,0.395623,22.500000,-33.345642
0.000000,-0.645028,0.000000,0.201241,22.500000,-32.643738
0.000000,-0.542994,0.000000,0.115416,22.500000,-23.793640
0.000000,-0.476874,0.000000,0.070646,22.500000,-30.995789
0.000000,-0.401977,0.000000,-0.070614,28.125000,-30.293884
0.000000,-0.320242,0.000000,-0.091166,28.125000,-26.051941
0.000000,-0.270319,0.000000,-0.051104,28.125000,-26.845398
0.000000,-0.220160,0.000000,-0.083031,28.125000,-26.967468
0.000000,-0.177385,0.000000,-0.130140,28.125000,-21.413269
0.000000,-0.192706,0.000000,-0.013140,28.125000,-21.932068
0.000000,-0.206232,0.000000,0.023665,28.125000,-21.901550
0.000000,-0.250465,0.000000,0.079046,28.125000,-21.504822
0.000000,-0.322549,0.000000,0.157582,28.125000,-17.354431
0.000000,-0.412265,0.000000,0.270449,28.125000,-20.711365
0.000000,-0.469794,0.000000,0.330864,28.125000,-21.657410
0.000000,-0.546716,0.000000,0.371472,28.125000,-15.828552
0.000000,-0.683865,0.000000,0.475568,28.125000,-27.120056
0.000000,-0.806498,0.000000,0.569197,28.125000,-29.683533
0.000000,-0.836376,0.000000,0.584486,28.125000,-22.725525
0.000000,-0.969956,0.000000,0.603984,28.125000,-26.479187
0.000000,-1.067302,0.000000,0.663547,28.125000,-26.662292
0.000000,-1.070047,0.000000,0.640190,28.125000,-16.377869
0.000000,-1.142794,0.000000,0.611629,28.125000,-25.289001
0.000000,-1.124914,0.000000,0.616395,28.125000,-24.281921
0.000000,-1.084463,0.000000,0.544415,28.125000,-23.824158
0.000000,-1.018803,0.000000,0.469360,28.125000,-22.878113
0.000000,-1.000694,0.000000,0.355557,28.125000,-23.732605
0.000000,-0.948232,0.000000,0.288460,28.125000,-26.479187
0.000000,-0.842250,0.000000,0.234105,28.125000,-27.944031
0.000000,-0.741468,0.000000,0.131906,28.125000,-23.457947
0.000000,-0.655807,0.000000,0.119892,28.125000,-21.779480
0.000000,-0.540973,0.000000,0.085399,28.125000,-23.854675
0.000000,-0.443451,0.000000,-0.023194,28.125000,-17.598572
0.000000,-0.351188,0.000000,0.050135,28.125000,-24.770203
0.000000,-0.247722,0.000000,0.064443,29.531250,-19.460144
0.000000,-0.230441,0.000000,0.041373,29.531250,-22.389832
0.000000,-0.194965,0.000000,0.099158,29.531250,-22.695007
0.000000,-0.145872,0.000000,0.156123,29.531250,-17.873230
0.000000,-0.131813,0.000000,0.238907,29.531250,-23.457947
0.000000,-0.103879,0.000000,0.295045,29.531250,-20.741882
0.000000,-0.111961,0.000000,0.407995,29.531250,-25.685730
0.000000,-0.086522,0.000000,0.465831,29.531250,-19.704285
0.000000,-0.071852,0.000000,0.475323,29.531250,-14.058533
0.000000,-0.089077,0.000000,0.553349,32.343750,-33.894958
0.000000,-0.028154,0.000000,0.560821,32.343750,-22.908630
0.000000,0.017528,0.000000,0.552084,32.343750,-17.995300
0.000000,0.024132,0.000000,0.558787,32.343750,-30.019226
0.000000,0.112945,0.000000,0.529220,32.343750,-13.661804
0.000000,0.152956,0.000000,0.518833,32.343750,-23.946228
0.000000,0.210406,0.000000,0.469370,32.343750,-19.734802
0.000000,0.257981,0.000000,0.394060,32.343750,-17.049255
0.000000,0.310093,0.000000,0.358144,32.343750,-27.211609
0.000000,0.381917,0.000000,0.238153,32.343750,-11.586609
0.000000,0.414406,0.000000,0.224668,32.343750,-22.939148
0.000000,0.454189,0.000000,0.134003,32.343750,-13.783875
0.000000,0.523735,0.000000,0.118861,32.343750,-17.507019
0.000000,0.531999,0.000000,0.064540,32.343750,-19.826355
0.000000,0.531506,0.000000,0.025769,32.343750,-15.675964
0.000000,0.530357,0.000000,-0.035462,32.343750,-16.744080
0.000000,0.527333,0.000000,-0.054280,32.343750,-14.943542
0.000000,0.535812,0.000000,-0.046640,32.343750,-15.950623
0.000000,0.527043,0.000000,-0.084818,32.343750,-18.147888
0.000000,0.505010,0.000000,-0.073807,32.343750,-13.844910
0.000000,0.498465,0.000000,-0.042886,32.343750,-15.828552
0.000000,0.469669,0.000000,-0.052698,32.343750,-13.814392
0.000000,0.431689,0.000000,-0.080225,35.156250,-9.267273
0.000000,0.398369,0.000000,-0.062973,35.156250,-16.286316
0.000000,0.391965,0.000000,-0.086190,35.156250,-7.344666
0.000000,0.373398,0.000000,-0.079567,35.156250,-9.053650
0.000000,0.333185,0.000000,-0.140194,35.156250,-2.858582
0.000000,0.293759,0.000000,-0.145826,35.156250,-6.337585
0.000000,0.279610,0.000000,-0.167495,35.156250,-5.086365
0.000000,0.279514,0.000000,-0.160852,35.156250,-3.774109
0.000000,0.271606,0.000000,-0.199047,35.156250,-1.943054
0.000000,0.250127,0.000000,-0.157519,35.156250,-5.391541
0.000000,0.222562,0.000000,-0.165371,35.156250,-3.133240
0.000000,0.203642,0.000000,-0.139820,35.156250,1.108704
0.000000,0.185072,0.000000,-0.193639,35.156250,0.711975
0.000000,0.157331,0.000000,-0.221245,35.156250,1.078186
0.000000,0.130219,0.000000,-0.252571,35.156250,8.707581
0.000000,0.083225,0.000000,-0.228450,35.156250,3.580627
0.000000,0.046710,0.000000,-0.249757,35.156250,14.231262
0.000000,0.014942,0.000000,-0.243483,35.156250,11.637268
0.000000,-0.018292,0.000000,-0.292480,35.156250,8.127747
0.000000,-0.078445,0.000000,-0.315090,35.156250,8.402405
0.000000,-0.136161,0.000000,-0.371907,35.156250,7.303772
0.000000,-0.195606,0.000000,-0.404435,35.156250,9.226379
0.000000,-0.220699,0.000000,-0.473437,35.156250,13.224182
0.000000,-0.270415,0.000000,-0.499662,35.156250,10.294495
0.000000,-0.283156,0.000000,-0.560836,35.156250,14.017639
0.000000,-0.325422,0.000000,-0.649031,35.156250,19.480286
0.000000,-0.357039,0.000000,-0.691819,35.156250,14.444885
0.000000,-0.386066,0.000000,-0.713099,35.156250,17.832336
0.000000,-0.397296,0.000000,-0.813153,35.156250,18.381653
0.000000,-0.394355,0.000000,-0.754117,35.156250,18.503723
0.000000,-0.422192,0.000000,-0.721960,35.156250,20.090637
0.000000,-0.472369,0.000000,-0.707268,35.156250,15.787659
0.000000,-0.472057,0.000000,-0.677957,35.156250,20.334778
0.000000,-0.515754,0.000000,-0.626729,35.156250,21.158752
0.000000,-0.538268,0.000000,-0.612023,35.156250,15.482483
0.000000,-0.554538,0.000000,-0.529172,35.156250,17.008362
0.000000,-0.551602,0.000000,-0.485952,35.156250,16.336975
0.000000,-0.562750,0.000000,-0.524683,35.156250,13.468323
0.000000,-0.525191,0.000000,-0.489745,35.156250,20.639954
0.000000,-0.515925,0.000000,-0.457934,35.156250,15.726624
0.000000,-0.458756,0.000000,-0.488985,35.156250,8.524475
0.000000,-0.429341,0.000000,-0.517334,35.156250,24.241028
0.000000,-0.419914,0.000000,-0.450070,35.156250,10.904846
0.000000,-0.339309,0.000000,-0.566124,35.156250,25.980530
0.000000,-0.306981,0.000000,-0.559349,35.156250,14.902649
0.000000,-0.255703,0.000000,-0.609580,35.156250,19.419250
0.000000,-0.219690,0.000000,-0.644183,35.156250,19.144592
0.000000,-0.187940,0.000000,-0.706225,35.156250,15.329895
0.000000,-0.163748,0.000000,-0.752815,35.156250,16.367493
0.000000,-0.150650,0.000000,-0.812729,35.156250,16.398010
0.000000,-0.135575,0.000000,-0.845007,35.156250,19.175110
0.000000,-0.141937,0.000000,-0.886877,35.156250,18.686829
0.000000,-0.165612,0.000000,-0.922754,35.156250,16.214905
0.000000,-0.173856,0.000000,-0.960268,35.156250,22.348938
0.000000,-0.199562,0.000000,-0.942667,35.156250,22.532043
0.000000,-0.233528,0.000000,-0.930993,35.156250,19.724426
0.000000,-0.238629,0.000000,-0.908381,35.156250,25.339661
0.000000,-0.252500,0.000000,-0.888317,35.156250,27.597961
0.000000,-0.282896,0.000000,-0.836397,35.156250,20.823059
0.000000,-0.296798,0.000000,-0.763179,35.156250,16.886292
0.000000,-0.273739,0.000000,-0.710182,35.156250,22.226868
0.000000,-0.332201,0.000000,-0.652709,35.156250,23.630676
0.000000,-0.342217,0.000000,-0.645213,35.156250,22.684631
0.000000,-0.298801,0.000000,-0.567976,35.156250,24.057922
0.000000,-0.305189,0.000000,-0.537522,35.156250,28.696594
0.000000,-0.343033,0.000000,-0.479651,35.156250,18.229065
0.000000,-0.290030,0.000000,-0.478030,35.156250,26.102600
0.000000,-0.285231,0.000000,-0.400176,35.156250,22.806702
0.000000,-0.291146,0.000000,-0.434339,35.156250,28.177795
0.000000,-0.309502,0.000000,-0.458581,35.156250,27.689514
0.000000,-0.275361,0.000000,-0.469214,35.156250,23.691711
0.000000,-0.295300,0.000000,-0.474746,35.156250,32.785950
0.000000,-0.283000,0.000000,-0.464739,35.156250,21.921692
0.000000,-0.266149,0.000000,-0.497925,39.375000,27.658997
0.000000,-0.284118,0.000000,-0.505427,39.375000,31.473694
0.000000,-0.285986,0.000000,-0.542258,39.375000,27.231750
0.000000,-0.273912,0.000000,-0.591908,39.375000,38.096008
0.000000,-0.323056,0.000000,-0.580771,39.375000,36.600647
0.000000,-0.380133,0.000000,-0.575322,39.375000,32.633362
0.000000,-0.380004,0.000000,-0.612370,39.375000,39.560852
0.000000,-0.457351,0.000000,-0.557766,39.375000,34.922180
0.000000,-0.494258,0.000000,-0.555395,39.375000,35.166321
0.000000,-0.536794,0.000000,-0.488008,39.375000,47.251282
0.000000,-0.563193,0.000000,-0.438358,39.375000,37.149963
0.000000,-0.566785,0.000000,-0.398473,39.375000,43.955383
0.000000,-0.567787,0.000000,-0.312666,39.375000,42.337952
0.000000,-0.529941,0.000000,-0.232503,39.375000,38.279114
0.000000,-0.534629,0.000000,-0.222809,39.375000,40.690002
0.000000,-0.441428,0.000000,-0.183963,39.375000,29.215393
0.000000,-0.349584,0.000000,-0.210372,39.375000,50.394592
0.000000,-0.311369,0.000000,-0.124246,39.375000,28.177795
0.000000,-0.156042,0.000000,-0.162121,39.375000,37.729797
0.000000,-0.078182,0.000000,-0.181223,39.375000,50.089417
0.000000,0.023665,0.000000,-0.171740,39.375000,31.260071
